id,Area,_count,_sum,_mean,_median,_min,_max
,"48380559",35590,17948.0220484047,0.50429957989336,0.445161283016205,-1,1
