id,Area,_count,_sum,_mean,_median,_min,_max
,"230377140",99812,6466.50307163387,0.0647868299566572,0.018050542101264,-1,1
