id,Area,_count,_sum,_mean,_median,_min,_max
,"217711736",46161,-4614.78779504448,-0.0999715732987691,-0.0180180184543133,-1,1
