id,Area,_count,_sum,_mean,_median,_min,_max
,"138193590",41251,1108.06390666496,0.0268615041251112,0.0155440410599113,-1,1
