id,Area,_count,_sum,_mean,_median,_min,_max
,"168880648",240934,2270.18808483821,0.00942244799338497,0.00529100513085723,-1,1
