id,Area,_count,_sum,_mean,_median,_min,_max
,"186172590",55835,1206.31363536557,0.0216049724252811,-0.0147492624819279,-1,1
