id,Area,_count,_sum,_mean,_median,_min,_max
,"217711736",55471,-22712.9667355905,-0.409456594176966,-0.348148137331009,-1,1
