id,Area,_count,_sum,_mean,_median,_min,_max
,"230377140",100330,447.276600034442,0.00445805442075592,0,-1,1
