id,Area,_count,_sum,_mean,_median,_min,_max
,"271756297",251789,23704.9607102477,0.0941461331124384,0.0447761192917824,-1,1
