id,Area,_count,_sum,_mean
,"186172590",104058,4408.48565408727,0.042365658133803
