id,Area,_count,_sum,_mean,_median,_min,_max
,"138193590",41335,3283.55443854537,0.0794376300603694,0.0247933883219957,-1,1
