id,Area,_count,_sum,_mean,_median,_min,_max
,"230377140",100346,-3693.02421186445,-0.0368029040705604,-0.0276679843664169,-1,1
