id,Area,_count,_sum,_mean,_median,_min,_max
,"279391657",125590,41936.515859847,0.333916043155084,0.213114753365517,-1,1
