id,Area,_count,_sum,_mean
,"186172590",58279,15142.7206645072,0.2598315115995
