id,Area,_count,_sum,_mean
,"279391657",133766,-5065.93136149296,-0.0378715918954963
