id,Area,_count,_sum,_mean,_median,_min,_max
,"99323141",38230,1399.19632562785,0.0365994330533051,0.0175438597798347,-0.454545468091965,1
