id,Area,_count,_sum,_mean,_median,_min,_max
,"138193590",41647,485.15548323188,0.0116492300341412,0.00448430515825748,-1,1
