id,Area,_count,_sum,_mean,_median,_min,_max
,"168880648",241292,16817.9398335454,0.069699533484514,0.0451612919569016,-1,1
