id,Area,_count,_sum,_mean,_median,_min,_max
,"138193590",41680,1471.53867732594,0.0353056304540772,0.015625,-1,1
