id,Area,_count,_sum,_mean,_median,_min,_max
,"99323141",38188,-2392.55584704201,-0.0626520332838066,-0.0518518500030041,-1,1
