id,Area,_count,_sum,_mean,_median,_min,_max
,"168880648",205745,35873.6813887674,0.17435991829093,0.0622406639158726,-1,1
