id,Area,_count,_sum,_mean,_median,_min,_max
,"279391657",132669,-2996.43959946604,-0.0225858308984468,-0.0594594590365887,-1,1
