id,Area,_count,_sum,_mean,_median,_min,_max
,"271756297",255626,6791.97812700458,0.0265699816411655,0.0222222227603197,-1,1
