id,Area,_count,_sum,_mean,_median,_min,_max
,"168880648",234913,-90247.4063015054,-0.384173742200327,-0.294117659330368,-1,1
