id,Area,_count,_sum,_mean,_median,_min,_max
,"99323141",37733,716.88218343677,0.0189988122714009,0,-1,1
