id,Area,_count,_sum,_mean,_median,_min,_max
,"279391657",128762,3103.95194225316,0.0241061178162281,-0.0107526881620288,-1,1
