id,Area,_count,_sum,_mean
,"244602715",89369,314.558990109945,0.00351977744083457
