id,Area,_count,_sum,_mean,_median,_min,_max
,"217711736",57212,4661.85779273673,0.0814839158347327,0.0370370373129845,-1,1
