id,Area,_count,_sum,_mean,_median,_min,_max
,"129347597",57301,-1228.46169003798,-0.0214387478410146,-0.0158730167895555,-1,1
