id,Area,_count,_sum,_mean,_median,_min,_max
,"201908948",90877,-36374.1203832543,-0.400256614800821,-0.304347813129425,-1,1
