id,Area,_count,_sum,_mean,_median,_min,_max
,"217711736",41439,218.267432121327,0.00526719834265612,0.00300300307571888,-1,1
