id,Area,_count,_sum,_mean,_median,_min,_max
,"99323141",38206,1916.04178799363,0.0501502849812498,0.02453987672925,-1,1
