id,Area,_count,_sum,_mean,_median,_min,_max
,"271756297",246143,17380.7968280106,0.0706125984814136,0.0285714287310839,-1,1
