id,Area,_count,_sum,_mean,_median,_min,_max
,"129347597",58360,-3591.07799130632,-0.0615332075275243,-0.0442477874457836,-1,1
