id,Area,_count,_sum,_mean,_median,_min,_max
,"201908948",92336,5579.56333091855,0.0604267385517951,0.03125,-1,1
