id,Area,_count,_sum,_mean,_median,_min,_max
,"129347597",57808,12028.0124075355,0.208068302095479,0.122222222387791,-1,1
