id,Area,_count,_sum,_mean,_median,_min,_max
,"168880648",211395,-88384.1981829365,-0.418099757245614,-0.5,-1,1
