id,Area,_count,_sum,_mean,_median,_min,_max
,"271756297",230189,10480.6053824513,0.0455304353485671,0.0223880596458912,-1,1
