id,Area,_count,_sum,_mean,_median,_min,_max
,"271756297",225443,3583.7191326262,0.0158963424574114,0.00900900922715664,-1,1
