id,Area,_count,_sum,_mean,_median,_min,_max
,"201908948",73914,7038.34156508907,0.0952233888720549,0.0232558138668537,-1,1
