id,Area,_count,_sum,_mean
,"279391657",110547,28509.5030191713,0.257894859373581
