id,Area,_count,_sum,_mean,_median,_min,_max
,"230377140",100334,8938.13255402585,0.0890837856960338,0.0299999993294477,-1,1
