id,Area,_count,_sum,_mean,_median,_min,_max
,"138193590",37813,-3069.41505962284,-0.0811735397779294,-0.020833333954215,-1,1
