id,Area,_count,_sum,_mean,_median,_min,_max
,"129347597",58437,1799.64667987614,0.0307963564159033,0.0102040814235806,-0.452631592750549,1
