id,Area,_count,_sum,_mean,_median,_min,_max
,"48380559",36414,-2414.53773154272,-0.0663079511051441,-0.0697674453258514,-1,1
