id,Area,_count,_sum,_mean,_median,_min,_max
,"201908948",87801,-35476.527799516,-0.404056079082425,-0.333333343267441,-1,1
