id,Area,_count,_sum,_mean,_median,_min,_max
,"168880648",241313,-16477.2492687507,-0.0682816477717763,-0.0259740259498358,-1,1
