id,Area,_count,_sum,_mean,_median,_min,_max
,"129347597",57928,499.185519120423,0.00861734427427881,-0.0243902429938316,-1,1
