id,Area,_count,_sum,_mean,_median,_min,_max
,"129347597",57921,290.820319512393,0.00502098236412343,-0.00284900283440948,-1,1
