id,Area,_count,_sum,_mean,_median,_min,_max
,"138193590",40850,10762.2613594239,0.263458050414293,0.123287670314312,-1,1
