id,Area,_count,_sum,_mean,_median,_min,_max
,"201908948",92183,-10550.8845593412,-0.114455860183995,-0.0478589423000813,-1,1
