id,Area,_count,_sum,_mean,_median,_min,_max
,"186172590",100461,5344.75252672797,0.0532022628356076,0,-1,1
