id,Area,_count,_sum,_mean,_median,_min,_max
,"48380559",18741,689.735419810284,0.0368035547628346,-0.00884955748915672,-1,1
