id,Area,_count,_sum,_mean,_median,_min,_max
,"279391657",124728,1870.86929032463,0.0149995934379179,0.01840490847826,-1,1
