id,Area,_count,_sum,_mean
,"279391657",127924,9416.74047457264,0.073611992077895
