id,Area,_count,_sum,_mean,_median,_min,_max
,"99323141",37040,8806.82528855163,0.237765261569968,0.105691060423851,-1,1
