id,Area,_count,_sum,_mean,_median,_min,_max
,"99323141",38168,25.4894817385357,0.00066782335303227,0,-1,1
