id,Area,_count,_sum,_mean,_median,_min,_max
,"279391657",114021,-7121.57390613738,-0.0624584410427673,-0.0391061455011368,-1,1
