id,Area,_count,_sum,_mean,_median,_min,_max
,"244602715",86036,2387.97553093825,0.0277555387388796,0.0116144176572561,-1,1
