id,Area,_count,_sum,_mean,_median,_min,_max
,"48380559",35332,-1248.07023841213,-0.0353240755805537,-0.0258461637422442,-1,1
