id,Area,_count,_sum,_mean,_median,_min,_max
,"244602715",81207,-7515.8413428897,-0.0925516438593927,-0.0077519379556179,-1,1
