id,Area,_count,_sum,_mean,_median,_min,_max
,"271756297",256975,912.746787334094,0.00355188943412431,-0.0103092780336738,-1,1
