id,Area,_count,_sum,_mean,_median,_min,_max
,"129347597",57986,2928.35544883576,0.0505010769640217,0.0256410259753466,-1,1
