id,Area,_count,_sum,_mean,_median,_min,_max
,"230377140",99437,22252.6123592153,0.223786038991676,0.124423965811729,-1,1
