id,Area,_count,_sum,_mean,_median,_min,_max
,"48380559",33722,-8744.10064144433,-0.259299586069756,-0.178571432828903,-1,1
