id,Area,_count,_sum,_mean,_median,_min,_max
,"271756297",216726,-60895.7345418979,-0.280980290975231,-0.136563882231712,-1,1
