id,Area,_count,_sum,_mean,_median,_min,_max
,"244602715",88213,-20008.4116037055,-0.22681930785378,-0.0927835032343864,-1,1
