id,Area,_count,_sum,_mean,_median,_min,_max
,"99323141",35517,-4195.00704415655,-0.118112651523399,-0.0483870953321457,-1,1
