id,Area,_count,_sum,_mean,_median,_min,_max
,"201908948",92189,2221.55800298066,0.0240978642026777,0.0149253727868199,-1,1
