id,Area,_count,_sum,_mean,_median,_min,_max
,"217711736",56020,-18158.8771226532,-0.324149895084848,-0.209302321076393,-1,1
