id,Area,_count,_sum,_mean,_median,_min,_max
,"48380559",35696,5447.81290800031,0.152616901277463,0.0843373462557793,-1,1
