id,Area,_count,_sum,_mean,_median,_min,_max
,"48380559",35151,2419.3628438639,0.0688277102746408,0.0424242429435253,-1,1
