id,Area,_count,_sum,_mean,_median,_min,_max
,"201908948",85067,-8523.37908304296,-0.100196069957127,-0.00906344410032034,-1,1
