id,Area,_count,_sum,_mean,_median,_min,_max
,"279391657",132453,3833.54065851565,0.0289426487774203,0.00817438680678606,-1,1
