id,Area,_count,_sum,_mean,_median,_min,_max
,"279391657",134330,2090.37550491095,0.0155614941182978,0.00414937781170011,-1,1
