id,Area,_count,_sum,_mean,_median,_min,_max
,"168880648",241107,3839.47911821795,0.0159243784635782,0.0165745858103037,-1,1
