id,Area,_count,_sum,_mean
,"279391657",115240,11132.4457195855,0.0966022710828317
