id,Area,_count,_sum,_mean,_median,_min,_max
,"129347597",54040,335.264533294132,0.00620400690773745,-0.00348448986187577,-1,1
