id,Area,_count,_sum,_mean,_median,_min,_max
,"244602715",87399,809.137522954261,0.00925797232181445,0,-1,1
