id,Area,_count,_sum,_mean,_median,_min,_max
,"201908948",90820,2714.74581168056,0.0298914975961304,0.0198675505816936,-1,1
