id,Area,_count,_sum,_mean,_median,_min,_max
,"217711736",57688,4538.64757056371,0.0786757656802752,0.0540540553629398,-1,1
