id,Area,_count,_sum,_mean,_median,_min,_max
,"244602715",87927,6962.35855251597,0.0791833970511444,0.032967034727335,-1,1
