id,Area,_count,_sum,_mean,_median,_min,_max
,"244602715",87219,-11108.0365521079,-0.127357990255654,-0.0397351011633873,-1,1
