id,Area,_count,_sum,_mean,_median,_min,_max
,"230377140",99883,5328.24715012754,0.053344885016745,0.0331753566861153,-1,1
