id,Area,_count,_sum,_mean,_median,_min,_max
,"138193590",41640,-1395.76870318037,-0.0335199016133613,-0.0261153737083077,-1,1
