id,Area,_count,_sum,_mean
,"186172590",95175,-4685.7152397125,-0.0492326266321251
