id,Area,_count,_sum,_mean
,"279391657",133925,-21330.4969959257,-0.159271958155129
