id,Area,_count,_sum,_mean,_median,_min,_max
,"279391657",120563,9286.89990721224,0.0770294361222949,0.00826446246355772,-1,1
