id,Area,_count,_sum,_mean
,"186172590",103347,-10425.6193808846,-0.100879748622452
