id,Area,_count,_sum,_mean,_median,_min,_max
,"244602715",75398,55.7110786128324,0.000738893320947934,-0.0120481923222542,-1,1
