id,Area,_count,_sum,_mean,_median,_min,_max
,"230377140",90800,3299.95592289139,0.0363431269040902,0.0126582281664014,-1,1
