id,Area,_count,_sum,_mean
,"244602715",89136,8791.33827300579,0.0986283687063116
