id,Area,_count,_sum,_mean,_median,_min,_max
,"217711736",57382,9891.72456698399,0.172383753912098,0.0854602158069611,-1,1
