id,Area,_count,_sum,_mean,_median,_min,_max
,"217711736",56571,-11450.8240081016,-0.202415089146411,-0.0563380271196365,-1,1
