id,Area,_count,_sum,_mean,_median,_min,_max
,"230377140",100423,2747.8850026736,0.0273631040964082,0.00613496918231249,-0.51111114025116,1
