id,Area,_count,_sum,_mean,_median,_min,_max
,"244602715",86030,-22788.8375646179,-0.264894078398441,-0.0769230797886848,-1,1
