id,Area,_count,_sum,_mean,_median,_min,_max
,"271756297",252361,72966.625365257,0.289135902002516,0.15384615957737,-1,1
