id,Area,_count,_sum,_mean
,"186172590",102563,59.8359895576723,0.00058340716981438
