id,Area,_count,_sum,_mean,_median,_min,_max
,"168880648",216332,-28659.5336326866,-0.132479400332298,-0.0370370373129845,-1,1
