id,Area,_count,_sum,_mean
,"244602715",72877,-5481.4400194569,-0.0752149514861603
