id,Area,_count,_sum,_mean,_median,_min,_max
,"138193590",41703,1248.98385442421,0.0299494965451936,0.00666666682809591,-0.388059705495834,1
