id,Area,_count,_sum,_mean,_median,_min,_max
,"48380559",33115,1168.9782194919,0.0353005652873893,0.0256410259753466,-1,1
