id,Area,_count,_sum,_mean,_median,_min,_max
,"186172590",58160,9931.49013723363,0.170761522304567,0.0797545984387398,-1,1
