id,Area,_count,_sum,_mean,_median,_min,_max
,"99323141",37827,2214.92134155729,0.0585539784164033,0.0222222227603197,-1,1
